country,n_sites,mean_preparedness,median_preparedness,pct_with_prohibition,pct_with_monitoring,pct_with_reporting,mean_improvement,mean_after_fixes
Italy,779,44.6,50.8,97.2,12.1,0.0,47.2,89.2
Australia,2655,43.9,46.5,88.2,0.1,0.0,37.7,79.7
South Africa,262,42.9,42.5,88.5,22.9,1.9,42.8,84.3
Greece,494,38.2,40.2,96.0,1.0,0.0,42.7,80.8
Malaysia,9,35.1,37.7,77.8,0.0,0.0,51.1,86.2
Gabon,31,34.1,40.9,77.4,0.0,3.2,45.2,78.9
Canada,774,33.5,33.4,90.1,0.3,0.1,32.5,65.9
Spain,937,32.2,35.0,63.5,3.6,1.3,50.0,80.6
Mexico,511,29.9,28.8,92.2,25.2,1.6,42.2,71.9
Indonesia,709,27.9,31.0,87.9,4.8,0.0,37.3,65.2
Republic of Maldives,25,25.3,29.3,80.0,0.0,0.0,37.6,62.9
New Zealand,1515,23.4,22.8,22.6,0.0,0.0,56.9,80.1
Panama,7,21.2,20.9,42.9,0.0,0.0,37.1,58.3
Chile,938,12.0,9.6,3.8,0.0,0.0,46.2,58.2
Ecuador,94,11.9,7.4,18.1,5.3,0.0,45.3,57.1
