iso3,country,n_documents,total_score,evidence_admissibility,penalty_framework,enforcement_authority,technology_provisions,liability_framework,legislative_currency,newest_year,oldest_year,primary_law_year,key_laws
PAN,Panama,2,77.3,10.0,14.0,12.8,20,10.5,10,2023,2021,,"No. 29244-A Gaceta Oficial Digital, jueves 18 de marzo de 20; No. 29908-A Gaceta Oficial Digital, lunes 13 de noviembre de"
IDN,Indonesia,11,68.3,10.0,14.0,12.8,17.0,4.5,10,2025,1985,2001,GOVERNMENT REGULATIONS GUIDELINE FOR IMPLEMENTATION OF NATIO; PRESIDEN Fl EP I-IBL IK IND ONES IA UNDANG.UNDANG REPUBLIK I; LAW OF THE REPUBLIC OF INDONESIA NUMBER 32 OF 2014 ON MARINE
NZL,New Zealand,9,67.5,10.0,18.0,15,10.0,4.5,10,2025,1971,1996,2012/47 Fisheries (Central Area Amateur Fishing) Amendment R; Continental Shelf Amendment Act 1996 071 Commenced: 1 August; Version as at 31 March 2025 Fisheries (Total Allowable Catch
MDV,Republic of Maldives,14,63.3,10.0,17.0,12.8,6.0,7.5,10,2025,1976,2020,Maldives Fisheries Regulation; ` – މ ޯހ 2025 ީރަވަނަޖ 2 0 1446 ބު ަޖަރ 20 : ުޚީރާތ 17 :ުދަދ; GENERAL FISHERIES REGULATIONS Introduction 1. These Regulati
CAN,Canada,9,62.5,10.0,17.0,15,3.0,7.5,10,2023,1985,1985,Province o f Alberta FISHERIES (ALBERTA) ACT Revised Statute; Province o f Alberta RADIATION PROTECTION ACT RADIATION PROT; CODE OF PRACTICE FOR FORAGE DRYING FACILITIES 2006 developed
CHL,Chile,1,58.0,10.0,10.0,10.5,10.0,7.5,10,1989,1989,,"DECRETO 430 FIJA EL TEXTO REFUNDIDO, COORDINADO Y SISTEMATIZ"
ITA,Italy,10,56.3,6.0,14.0,12.8,3.0,10.5,10,2020,1982,1982,3-6-1997 GAZZETIA UFFICIALE DELLA REElIBBLICA ITALIANA Serie; 04/09/2020 *** ATTO COMPLETO *** MINISTERO DELL'AMBIENTE E D; DGPEMAC Prot. Uscita del 28/04/2017 Numero: 0010449 Classifi
MYS,Malaysia,8,54.0,6.0,14.0,10.5,6.0,13.5,4,2019,1963,2019,SOLID WASTE AND PUBLIC CLEANSING MANAGEMENT (LICENSING) (UND; Fisheries (Maritime) Regulations; Fisheries Act 1985 (Act 317)
ZAF,South Africa,8,50.7,6.0,10.0,14.2,6.0,4.5,10,2020,1998,1998,"12 No. 36575 GOVERNMENT GAZETTE, 21 JUNE 2013 DEPARTMENT OF ; 28 No. 36973 GOVERNMENT GAZETTE, 1 NOVEMBER 2013 DEPARTMENT ; 24 No. 43110 GOVERNMENT GAZETTE, 20 MARCH 2020 Environmental"
AUS,Australia,3,48.7,10.0,10.0,10.5,6.0,2.2,10,2025,2000,2010,Fisheries Legislation Amendment Act 2010; Crimes at Sea Act 2000; v34 Queensland Nature Conservation Legislation Amendment Reg
GRC,Greece,7,45.0,10.0,6.0,4.5,17.0,7.5,0,1998,1970,1970,TRANSLATION: GRC_gre106316 ORIGINAL LANGUAGE: Greek SOURCE: ; TRANSLATION: GRC_gre106349 ORIGINAL LANGUAGE: Greek SOURCE: ; TRANSLATION: GRC_gre14889 ORIGINAL LANGUAGE: Greek SOURCE: G
ESP,Spain,10,40.0,3.0,10.0,10.5,3.0,7.5,6,2018,1967,2001,No. 21960 SPAIN and PORTUGAL Fishing regulation applicable i; 4814 11 abril 1967 B. O. del B.-Núm. 86 Laa plazlllS de.&ere; BOLETÍN OFICIAL DEL ESTADO Núm. 30 Miércoles 4 de febrero de
MEX,Mexico,8,34.7,3.0,10.0,7.5,10.0,2.2,2,2007,1968,2007,SECRETARI.c\. DE PESCA· ACUERDO que norma el aprowchamicnto ; DIARIO OFICIAL Jucva 26 de septicmbrc de 1991 62 ACUERDO por; Ley General de Pesca y Acuacultura Sustentables
GAB,Gabon,11,25.0,3.0,6.0,4.5,3.0,4.5,4,2007,1961,2005,26.4.2007 EN OfficialJournaloftheEuropeanUnion L 109/3 FISHE; 26.4.2007 EN OfficialJournaloftheEuropeanUnion L 109/1 I (Ac; Loi portant Code des pêches
ECU,Ecuador,8,22.7,3.0,3.0,4.5,6.0,2.2,4,2020,1974,2020,"2 Registro Oficial N"" 364 Lunes 17 de Enero del 2011 :""lo. 2; REGISIRO OflCIAL ORGANO DEL GOBIERNO DEL ECUADOR Administrac; iB""i Ministerio ,~ -- del Ambiente r1 ... • Acuerdo No. ,., "
