filename,iso3,kw_total,nlp_evidence,nlp_penalty,nlp_enforcement,nlp_technology,nlp_liability,nlp_currency,nlp_total,nlp_n_sentences,nlp_is_fisheries
AUS_aus102209.pdf,AUS,27.7,6,4,3,0,9,4,26,223,True
AUS_aus22421.pdf,AUS,31.7,10,4,3,0,3,2,22,178,True
AUS_qld239646.pdf,AUS,40.5,0,0,0,0,0,10,10,154,False
CAN_al24374.pdf,CAN,44.0,0,14,9,0,6,2,31,237,True
CAN_al65373.pdf,CAN,11.5,6,4,0,0,6,4,20,211,False
CAN_al80123.pdf,CAN,28.7,0,6,0,0,0,4,10,158,False
CAN_bc79355.pdf,CAN,3.0,0,0,0,0,0,2,2,52,True
CAN_can80430.pdf,CAN,41.0,10,0,0,0,9,2,21,159,True
CAN_ns63879.pdf,CAN,55.5,0,0,3,0,0,2,5,85,True
CAN_on221288.pdf,CAN,26.4,0,0,2,0,0,10,12,132,False
CAN_sk82091.pdf,CAN,38.5,0,4,0,0,3,2,9,183,False
CAN_yu134404.pdf,CAN,35.0,6,14,0,0,3,2,25,152,False
CHL_chi1227.pdf,CHL,47.0,0,0,3,0,3,2,8,127,True
ECU_ecu100102.pdf,ECU,11.4,0,0,0,0,3,6,9,157,False
ECU_ecu100472.pdf,ECU,12.2,0,7,0,0,3,6,16,165,False
ECU_ecu109650.pdf,ECU,6.4,0,0,6,0,3,4,13,79,False
ECU_ecu112186.pdf,ECU,5.2,0,0,3,0,0,0,3,272,False
ECU_ecu140102.pdf,ECU,16.7,0,0,6,0,3,6,15,132,False
ECU_ecu155376.pdf,ECU,20.5,0,0,6,8,0,8,22,161,True
ECU_ecu18902.pdf,ECU,6.0,0,0,0,0,0,2,2,33,False
ECU_ecu19271.pdf,ECU,0.0,6,0,0,0,0,2,8,65,True
ESP_bi-17352.pdf,ESP,34.0,0,4,3,0,3,2,12,166,True
ESP_spa122735.pdf,ESP,8.2,0,3,0,0,0,2,5,102,True
ESP_spa143262.pdf,ESP,4.0,0,0,0,0,0,6,6,28,True
ESP_spa1435.pdf,ESP,0.0,0,0,0,0,0,2,2,41,False
ESP_spa156800.pdf,ESP,6.0,0,0,0,0,0,8,8,30,False
ESP_spa177494.pdf,ESP,15.0,0,0,0,0,0,8,8,269,True
ESP_spa28100.pdf,ESP,4.2,0,0,0,0,0,4,4,202,True
ESP_spa28153.pdf,ESP,8.0,0,0,0,0,0,4,4,35,False
ESP_spa33068.pdf,ESP,2.0,0,0,0,0,0,4,4,172,False
ESP_spa67227.pdf,ESP,7.2,0,0,0,0,0,4,4,268,True
GAB_bi-71181.pdf,GAB,17.0,0,0,0,0,3,4,7,151,True
GAB_bi-71182.pdf,GAB,5.0,0,0,0,0,0,4,4,48,True
GAB_gab1187.pdf,GAB,11.2,10,0,0,0,0,4,14,112,True
GAB_gab1187E.pdf,GAB,3.0,0,0,0,0,0,0,0,35,True
GAB_gab3360.pdf,GAB,6.0,0,0,0,0,0,2,2,38,False
GAB_gab3360a.pdf,GAB,0.0,0,0,0,0,0,2,2,41,False
GAB_gab39491.pdf,GAB,6.0,0,0,0,0,0,2,2,39,False
GAB_gab4352.pdf,GAB,6.0,0,0,3,0,0,4,7,68,True
GAB_gab4356.pdf,GAB,6.0,0,0,2,0,0,2,4,32,False
GAB_gab4357.pdf,GAB,0.0,0,0,0,0,0,2,2,18,False
GAB_gab4861.pdf,GAB,16.4,0,0,3,0,0,4,7,110,True
GRC_gre106316.pdf,GRC,29.7,0,0,3,11,6,2,22,49,True
GRC_gre106349.pdf,GRC,32.7,0,0,3,6,6,2,17,62,False
GRC_gre14889.pdf,GRC,12.0,0,4,3,0,6,2,15,55,True
GRC_gre23287.pdf,GRC,14.2,0,4,3,3,0,2,12,51,True
GRC_gre23292.pdf,GRC,8.2,6,4,3,3,0,2,18,38,True
GRC_gre30398.pdf,GRC,18.0,0,4,8,0,3,2,17,87,True
GRC_gre98054.pdf,GRC,39.7,16,8,6,11,6,2,49,144,True
IDN_ins128881.pdf,IDN,7.0,0,0,0,0,3,6,9,104,True
IDN_ins161826.pdf,IDN,23.7,0,4,3,4,0,6,17,237,True
IDN_ins161826E.pdf,IDN,31.7,0,0,3,0,0,6,9,204,True
IDN_ins175934.pdf,IDN,32.7,0,0,9,12,3,6,30,213,True
IDN_ins175934E.pdf,IDN,18.7,6,0,3,0,3,6,18,189,True
IDN_ins213425.pdf,IDN,21.5,0,0,0,0,0,10,10,236,True
IDN_ins227672.pdf,IDN,17.2,14,4,0,0,6,8,32,222,True
IDN_ins232417.pdf,IDN,22.7,0,0,0,12,0,10,22,217,True
IDN_ins236301.pdf,IDN,57.3,0,12,9,12,9,10,52,228,True
IDN_ins48793.pdf,IDN,17.7,6,0,0,0,3,4,13,151,True
IDN_ins6881.pdf,IDN,8.2,0,0,3,0,0,2,5,164,True
ITA_ita10449.pdf,ITA,4.5,0,0,0,0,0,2,2,41,True
ITA_ita128526.pdf,ITA,16.5,0,0,0,0,0,8,8,58,False
ITA_ita167286.pdf,ITA,21.7,6,4,0,0,3,8,21,167,True
ITA_ita29175.pdf,ITA,9.5,0,4,0,0,0,4,8,17,False
ITA_ita38677.pdf,ITA,9.5,0,0,0,0,0,2,2,49,False
ITA_ita41488.pdf,ITA,12.5,0,0,0,0,0,4,4,59,True
ITA_ita64213.pdf,ITA,35.7,0,4,0,0,3,6,13,136,False
ITA_ita64213anx.pdf,ITA,0.0,0,0,0,0,0,0,0,30,False
ITA_ita64213original.pdf,ITA,31.7,0,0,0,0,3,4,7,183,False
ITA_ita7407.pdf,ITA,0.0,0,0,0,0,0,2,2,24,True
MDV_MDV232166.pdf,MDV,10.0,0,0,0,0,0,8,8,163,False
MDV_MDV232168.pdf,MDV,10.0,0,0,0,0,0,10,10,127,False
MDV_mdv163915.pdf,MDV,28.7,0,4,6,0,3,2,15,213,True
MDV_mdv1887E.pdf,MDV,2.2,0,0,3,0,3,2,8,39,False
MDV_mdv195984.pdf,MDV,56.3,0,14,11,8,0,8,41,123,True
MDV_mdv207521.pdf,MDV,6.0,0,0,0,0,0,8,8,153,False
MDV_mdv207521English.pdf,MDV,26.4,6,8,0,0,3,8,25,185,True
MDV_mdv207523.pdf,MDV,6.0,0,0,0,0,0,8,8,115,False
MDV_mdv207523English.pdf,MDV,18.2,0,8,0,0,3,8,19,117,True
MDV_mdv215501.pdf,MDV,6.0,0,0,0,0,0,8,8,165,False
MDV_mdv215501eng.pdf,MDV,32.7,0,4,3,0,3,8,18,194,True
MDV_mdv21767E.pdf,MDV,0.0,0,0,0,0,0,2,2,153,False
MDV_mdv5337.pdf,MDV,21.5,0,17,7,0,0,2,26,111,True
MDV_mdv5337E.pdf,MDV,21.5,0,13,7,0,0,2,22,200,True
MEX_mex1343.pdf,MEX,0.0,0,0,0,0,0,2,2,86,True
MEX_mex1344.pdf,MEX,0.0,0,0,0,0,0,2,2,83,False
MEX_mex1346.pdf,MEX,17.2,6,0,0,0,6,4,16,140,True
MEX_mex159906.pdf,MEX,0.0,0,0,0,0,0,2,2,41,False
MEX_mex26685.pdf,MEX,30.7,0,0,0,0,3,4,7,124,True
MEX_mex3457.pdf,MEX,0.0,0,0,0,0,0,0,0,34,False
MEX_mex3466.pdf,MEX,3.0,0,0,0,0,0,2,2,113,False
MEX_mex5738.pdf,MEX,14.2,0,0,6,0,0,2,8,181,True
MYS_mal107879.pdf,MYS,14.0,0,11,0,0,0,6,17,111,False
MYS_mal157994.pdf,MYS,16.0,0,0,0,0,0,8,8,116,True
MYS_mal1871.pdf,MYS,19.7,0,4,3,0,3,2,12,172,True
MYS_mal1874.pdf,MYS,0.0,0,0,0,0,0,2,2,24,True
MYS_mal33579.pdf,MYS,3.0,0,0,0,0,0,2,2,14,True
MYS_mal33941.pdf,MYS,21.7,12,0,6,0,3,2,23,132,True
MYS_mal37995.pdf,MYS,35.0,0,4,8,0,6,2,20,129,True
MYS_mal38072.pdf,MYS,44.0,10,0,3,0,12,2,27,126,True
NZL_nze114560.pdf,NZL,9.2,0,0,0,0,0,6,6,58,True
NZL_nze12357.pdf,NZL,5.2,0,0,0,0,0,2,2,42,False
NZL_nze152689.pdf,NZL,18.2,0,3,0,0,0,10,13,224,True
NZL_nze1973.pdf,NZL,5.2,0,0,0,0,0,2,2,32,True
NZL_nze1986.pdf,NZL,19.7,0,0,5,0,3,2,10,177,True
NZL_nze210190.pdf,NZL,53.5,0,13,11,12,3,10,49,196,True
NZL_nze36714.pdf,NZL,53.0,6,10,0,0,6,2,24,142,True
NZL_nze36798.pdf,NZL,5.2,0,2,0,0,3,2,7,120,True
NZL_nze70790.pdf,NZL,4.2,0,0,0,0,0,4,4,31,True
PAN_pan201649.pdf,PAN,65.3,0,4,9,0,3,10,26,149,True
PAN_pan223225.pdf,PAN,67.3,0,4,9,0,3,10,26,156,True
ZAF_saf125276.pdf,ZAF,4.0,0,0,0,0,0,6,6,16,False
ZAF_saf128919.pdf,ZAF,19.7,0,0,6,0,3,6,15,197,False
ZAF_saf194285.pdf,ZAF,25.4,6,0,6,6,3,8,29,160,False
ZAF_saf45032.pdf,ZAF,36.7,0,4,6,0,3,4,17,183,False
ZAF_saf90450.pdf,ZAF,36.0,0,4,3,0,0,4,11,200,False
ZAF_saf90454.pdf,ZAF,9.5,0,0,0,0,0,4,4,165,True
ZAF_saf91270.pdf,ZAF,20.4,0,0,0,0,3,2,5,101,False
ZAF_saf97494.pdf,ZAF,0.0,0,0,0,0,0,0,0,11,False
