filename,iso3,evidence_score,penalty_score,enforcement_score,technology_score,liability_score,total_score,n_sentences,is_fisheries
AUS_aus102209.pdf,AUS,11,4,4,0,10,29,313,True
AUS_aus22421.pdf,AUS,11,12,10,0,4,37,1020,True
AUS_qld239646.pdf,AUS,7,9,4,0,0,20,1931,False
CAN_al24374.pdf,CAN,11,22,13,0,7,53,1454,True
CAN_al65373.pdf,CAN,7,4,4,0,7,22,451,False
CAN_al80123.pdf,CAN,0,7,4,0,4,15,525,False
CAN_bc79355.pdf,CAN,0,0,0,0,0,0,52,True
CAN_can80430.pdf,CAN,11,9,0,0,7,27,570,True
CAN_ns63879.pdf,CAN,15,19,13,0,13,60,1996,True
CAN_on221288.pdf,CAN,7,0,3,0,4,14,310,False
CAN_sk82091.pdf,CAN,7,15,7,0,7,36,554,False
CAN_yu134404.pdf,CAN,7,15,4,0,7,33,427,False
CHL_chi1227.pdf,CHL,11,15,13,4,10,53,7253,True
ECU_ecu100102.pdf,ECU,0,0,4,0,4,8,283,False
ECU_ecu100472.pdf,ECU,0,7,0,0,4,11,868,False
ECU_ecu109650.pdf,ECU,0,0,4,0,4,8,79,False
ECU_ecu112186.pdf,ECU,0,0,4,0,0,4,272,False
ECU_ecu140102.pdf,ECU,0,0,4,0,4,8,162,False
ECU_ecu155376.pdf,ECU,0,0,4,4,0,8,161,True
ECU_ecu18902.pdf,ECU,0,0,0,0,0,0,33,False
ECU_ecu19271.pdf,ECU,0,0,0,0,0,0,65,True
ESP_bi-17352.pdf,ESP,7,12,4,0,7,30,545,True
ESP_spa122735.pdf,ESP,0,3,0,0,0,3,184,True
ESP_spa143262.pdf,ESP,0,0,0,0,0,0,28,True
ESP_spa1435.pdf,ESP,0,0,0,0,0,0,41,False
ESP_spa156800.pdf,ESP,0,0,0,0,0,0,30,False
ESP_spa177494.pdf,ESP,0,0,0,0,0,0,2383,True
ESP_spa28100.pdf,ESP,0,0,0,0,0,0,202,True
ESP_spa28153.pdf,ESP,0,0,0,0,0,0,35,False
ESP_spa33068.pdf,ESP,0,0,0,0,0,0,172,False
ESP_spa67227.pdf,ESP,0,0,0,0,0,0,321,True
GAB_bi-71181.pdf,GAB,0,0,0,0,4,4,241,True
GAB_bi-71182.pdf,GAB,0,0,0,0,0,0,48,True
GAB_gab1187.pdf,GAB,7,0,0,0,0,7,112,True
GAB_gab1187E.pdf,GAB,0,0,0,0,0,0,35,True
GAB_gab3360.pdf,GAB,0,0,0,0,0,0,38,False
GAB_gab3360a.pdf,GAB,0,0,0,0,0,0,41,False
GAB_gab39491.pdf,GAB,0,0,0,0,0,0,39,False
GAB_gab4352.pdf,GAB,0,0,0,0,0,0,68,True
GAB_gab4356.pdf,GAB,0,0,3,0,0,3,32,False
GAB_gab4357.pdf,GAB,0,0,0,0,0,0,18,False
GAB_gab4861.pdf,GAB,0,4,4,0,0,8,203,True
GRC_gre106316.pdf,GRC,0,0,4,12,7,23,49,True
GRC_gre106349.pdf,GRC,0,0,4,7,7,18,62,False
GRC_gre14889.pdf,GRC,0,4,4,0,7,15,55,True
GRC_gre23287.pdf,GRC,0,4,4,3,0,11,51,True
GRC_gre23292.pdf,GRC,7,4,4,3,0,18,38,True
GRC_gre30398.pdf,GRC,0,4,9,0,4,17,87,True
GRC_gre98054.pdf,GRC,18,9,4,12,7,50,144,True
IDN_ins128881.pdf,IDN,0,0,0,0,4,4,104,True
IDN_ins161826.pdf,IDN,0,12,4,4,0,20,1661,True
IDN_ins161826E.pdf,IDN,0,12,7,0,4,23,1442,True
IDN_ins175934.pdf,IDN,0,7,4,4,0,15,621,True
IDN_ins175934E.pdf,IDN,7,0,4,0,4,15,566,True
IDN_ins213425.pdf,IDN,0,0,4,4,0,8,3400,True
IDN_ins227672.pdf,IDN,11,0,0,0,4,15,423,True
IDN_ins232417.pdf,IDN,0,0,0,4,4,8,384,True
IDN_ins236301.pdf,IDN,9,0,4,12,4,29,3087,True
IDN_ins48793.pdf,IDN,7,4,0,0,4,15,424,True
IDN_ins6881.pdf,IDN,0,0,4,0,0,4,178,True
ITA_ita10449.pdf,ITA,0,0,0,0,0,0,41,True
ITA_ita128526.pdf,ITA,0,0,0,0,0,0,72,False
ITA_ita167286.pdf,ITA,7,4,0,0,4,15,204,True
ITA_ita29175.pdf,ITA,0,4,0,0,0,4,17,False
ITA_ita38677.pdf,ITA,0,0,0,0,0,0,49,False
ITA_ita41488.pdf,ITA,0,0,0,0,0,0,59,True
ITA_ita64213.pdf,ITA,11,18,7,4,4,44,37882,True
ITA_ita64213anx.pdf,ITA,0,7,0,0,0,7,16889,False
ITA_ita64213original.pdf,ITA,11,18,7,4,4,44,40099,True
ITA_ita7407.pdf,ITA,0,0,0,0,0,0,24,True
MDV_MDV232166.pdf,MDV,0,0,0,0,0,0,474,False
MDV_MDV232168.pdf,MDV,0,0,0,0,0,0,127,False
MDV_mdv163915.pdf,MDV,0,4,4,7,4,19,308,True
MDV_mdv1887E.pdf,MDV,0,0,4,0,4,8,39,False
MDV_mdv195984.pdf,MDV,11,16,15,12,10,64,1642,True
MDV_mdv207521.pdf,MDV,0,0,0,0,0,0,299,False
MDV_mdv207521English.pdf,MDV,7,9,0,0,4,20,287,True
MDV_mdv207523.pdf,MDV,0,0,0,0,0,0,115,False
MDV_mdv207523English.pdf,MDV,0,9,0,0,4,13,117,True
MDV_mdv215501.pdf,MDV,0,0,0,0,0,0,378,False
MDV_mdv215501eng.pdf,MDV,0,9,4,0,10,23,366,True
MDV_mdv21767E.pdf,MDV,0,0,0,0,0,0,153,False
MDV_mdv5337.pdf,MDV,0,19,9,0,0,28,111,True
MDV_mdv5337E.pdf,MDV,0,15,9,0,0,24,200,True
MEX_mex1343.pdf,MEX,0,0,0,0,0,0,86,True
MEX_mex1344.pdf,MEX,0,0,0,0,0,0,83,False
MEX_mex1346.pdf,MEX,7,7,0,0,4,18,301,True
MEX_mex159906.pdf,MEX,0,0,0,0,0,0,41,False
MEX_mex26685.pdf,MEX,7,0,4,3,7,21,350,True
MEX_mex3457.pdf,MEX,0,0,0,0,0,0,34,False
MEX_mex3466.pdf,MEX,0,0,0,0,0,0,225,True
MEX_mex5738.pdf,MEX,0,4,7,0,0,11,1114,True
MYS_mal107879.pdf,MYS,0,12,0,0,0,12,111,False
MYS_mal157994.pdf,MYS,0,0,0,0,0,0,116,True
MYS_mal1871.pdf,MYS,0,18,4,0,4,26,226,True
MYS_mal1874.pdf,MYS,0,0,0,0,0,0,24,True
MYS_mal33579.pdf,MYS,0,0,0,0,0,0,14,True
MYS_mal33941.pdf,MYS,13,0,4,0,4,21,166,True
MYS_mal37995.pdf,MYS,13,19,6,0,14,52,654,True
MYS_mal38072.pdf,MYS,11,15,13,0,14,53,573,True
NZL_nze114560.pdf,NZL,0,0,0,0,0,0,58,True
NZL_nze12357.pdf,NZL,0,0,0,0,0,0,42,False
NZL_nze152689.pdf,NZL,0,3,0,0,0,3,1313,True
NZL_nze1973.pdf,NZL,0,0,0,0,0,0,32,True
NZL_nze1986.pdf,NZL,0,0,6,0,7,13,391,True
NZL_nze210190.pdf,NZL,11,15,13,12,7,58,913,True
NZL_nze36714.pdf,NZL,17,15,9,0,7,48,1919,True
NZL_nze36798.pdf,NZL,0,3,0,0,4,7,138,True
NZL_nze70790.pdf,NZL,0,0,0,0,0,0,31,True
PAN_pan201649.pdf,PAN,11,9,7,12,10,49,1694,True
PAN_pan223225.pdf,PAN,13,12,10,16,14,65,4186,True
ZAF_saf125276.pdf,ZAF,0,0,0,0,0,0,16,False
ZAF_saf128919.pdf,ZAF,7,0,4,4,4,19,314,False
ZAF_saf194285.pdf,ZAF,7,4,4,7,4,26,1559,False
ZAF_saf45032.pdf,ZAF,11,15,7,0,7,40,686,True
ZAF_saf90450.pdf,ZAF,7,12,4,0,7,30,2403,False
ZAF_saf90454.pdf,ZAF,0,4,0,0,0,4,182,True
ZAF_saf91270.pdf,ZAF,0,0,0,0,4,4,101,False
ZAF_saf97494.pdf,ZAF,0,0,0,0,0,0,11,False
